metrica;FIRST_NAME;LAST_NAME;FULL_NAME;GENDER;MARTIAL_STATUS;RACE;OCUPATION;NATIONALITY;BIRTH_STATE;BIRTH_CITY;BIRTH_DT;EMAIL
count;29145;29145;29145;29145;29145;29145;29145;29145;29145;29145;29145;29145
unique;6489;4598;28900;2;5;5;214;4;28;4869;13635;20231
top;MARIA;SILVA;JOSÉ CARLOS DA SILVA;MASCULINO;CASADO(A);BRANCA;OUTROS;BRASILEIRA NATA;RJ;RIO DE JANEIRO;01/05/1970;RODRIGONEVESJURIDICO@GMAIL.COM
freq;1019;2882;5;19933;15875;15286;5688;28999;3723;2295;11;196
nan;0;0;0;0;0;0;0;0;0;0;0;0
