metrica;ID_CPF;FIRST_NAME;LAST_NAME;FULL_NAME;GENDER;MARTIAL_STATUS;RACE;OCUPATION;NATIONALITY;BIRTH_STATE;BIRTH_CITY;BIRTH_DT;EMAIL
count;26276;26276;26276;26276;26276;26276;26276;26276;26276;26276;26276;26264;26276
unique;26042;5992;4330;25969;3;6;6;216;5;29;4588;12995;13160
top;000000000-4;MARIA;SILVA;LUIZ CARLOS DA SILVA;MASCULINO;CASADO(A);BRANCA;OUTROS;BRASILEIRA NATA;SP;RIO DE JANEIRO;30/04/1961;#NULO#
freq;12;1041;2595;5;18125;14577;14441;4346;26144;3253;2085;9;11252
nan;0;0;0;0;0;0;0;0;0;0;0;12;0
