metrica;NR_CPF_CANDIDATO;NM_CANDIDATO;DS_GENERO;DS_ESTADO_CIVIL;DS_COR_RACA;DS_OCUPACAO;DS_NACIONALIDADE;SG_UF;DT_NASCIMENTO;SG_UF_NASCIMENTO;NM_MUNICIPIO_NASCIMENTO;DT_NASCIMENTO;NM_EMAIL
count;26276;26276;26276;26276;26276;26276;26276;26276;26264;26276;26276;26264;26276
unique;26042;25969;3;6;6;216;5;28;12995;29;4588;12995;13160
top;000000000-4;LUIZ CARLOS DA SILVA;MASCULINO;CASADO(A);BRANCA;OUTROS;BRASILEIRA NATA;SP;28/03/1965;SP;RIO DE JANEIRO;28/03/1965;#NULO#
freq;12;5;18125;14577;14441;4346;26144;3664;9;3253;2085;9;11252
nan;0;0;0;0;0;0;0;0;0;12;12;0;0
