metrica;NM_CANDIDATO;DS_GENERO;DS_ESTADO_CIVIL;DS_COR_RACA;DS_OCUPACAO;DS_NACIONALIDADE;SG_UF;DT_NASCIMENTO;SG_UF_NASCIMENTO;NM_MUNICIPIO_NASCIMENTO;DT_NASCIMENTO;NM_EMAIL
count;29145;29145;29145;29145;29145;29145;29145;29145;29145;29145;29145;29145
unique;28900;2;5;5;214;4;28;13635;28;4869;13635;20231
top;JOSÉ CARLOS DA SILVA;MASCULINO;CASADO(A);BRANCA;OUTROS;BRASILEIRA NATA;SP;01/05/1970;RJ;RIO DE JANEIRO;01/05/1970;RODRIGONEVESJURIDICO@GMAIL.COM
freq;5;19933;15875;15286;5688;28999;3952;11;3723;2295;11;196
nan;0;0;0;0;0;0;0;0;0;0;0;0
